{"name":"5d9c3560-59ce-47e4-9ef6-128865e870d8","id":"/providers/Microsoft.Flow/flows/5d9c3560-59ce-47e4-9ef6-128865e870d8","type":"Microsoft.Flow/flows","properties":{"apiId":"/providers/Microsoft.PowerApps/apis/shared_logicflows","displayName":"Request to Leave Automation","definition":{"metadata":{"workflowEntityId":null,"processAdvisorMetadata":null,"flowChargedByPaygo":null,"flowclientsuspensionreason":"None","flowclientsuspensiontime":null,"flowclientsuspensionreasondetails":null,"creator":{"id":"fd18c947-89ba-44fd-8650-af712248aca9","type":"User","tenantId":"fb4c0aee-6cd2-482f-a1a5-717e7c02496b"},"provisioningMethod":"FromDefinition","failureAlertSubscription":true,"clientLastModifiedTime":"2026-01-02T01:51:49.6631001Z","connectionKeySavedTimeKey":"2026-01-02T01:51:49.6631001Z","creationSource":"Portal","modifiedSources":"Portal"},"$schema":"https://schema.management.azure.com/providers/Microsoft.Logic/schemas/2016-06-01/workflowdefinition.json#","contentVersion":"1.0.0.0","parameters":{"$authentication":{"defaultValue":{},"type":"SecureObject"},"$connections":{"defaultValue":{},"type":"Object"}},"triggers":{"When_a_new_response_is_submitted":{"splitOn":"@triggerOutputs()?['body/value']","metadata":{"operationMetadataId":"5d12e99f-b666-4c74-bff1-45d98cf2eca2"},"type":"OpenApiConnectionWebhook","inputs":{"parameters":{"form_id":"7gpM-9JsL0ihpXF-fAJJa0fJGP26if1EhlCvcSJIrKlUQzNGSlkwOTlUM1hBTERJUzVRNlA4QUxJRi4u"},"host":{"apiId":"/providers/Microsoft.PowerApps/apis/shared_microsoftforms","connectionName":"shared_microsoftforms","operationId":"CreateFormWebhook"},"authentication":"@parameters('$authentication')"}}},"actions":{"Get_response_details":{"runAfter":{},"metadata":{"operationMetadataId":"0e5f8e68-dd3d-4a4f-a578-21936dfc8694"},"type":"OpenApiConnection","inputs":{"parameters":{"form_id":"7gpM-9JsL0ihpXF-fAJJa0fJGP26if1EhlCvcSJIrKlUQzNGSlkwOTlUM1hBTERJUzVRNlA4QUxJRi4u","response_id":"@triggerOutputs()?['body/resourceData/responseId']"},"host":{"apiId":"/providers/Microsoft.PowerApps/apis/shared_microsoftforms","connectionName":"shared_microsoftforms","operationId":"GetFormResponseById"},"authentication":"@parameters('$authentication')"}},"Initialize_variable":{"runAfter":{"Get_response_details":["Succeeded"]},"metadata":{"operationMetadataId":"3231a4ce-7fb9-4c5e-9b4f-050ba41302a0"},"type":"InitializeVariable","inputs":{"variables":[{"name":"varManagerEmail","type":"string"}]}},"Switch":{"runAfter":{"Compose_1":["Succeeded"]},"cases":{"Case_1":{"case":"Finance & Admin","actions":{"Set_variable":{"metadata":{"operationMetadataId":"fbe5c95f-0a6c-4c7c-9ed2-8f6f2b94e977"},"type":"SetVariable","inputs":{"name":"varManagerEmail","value":"Erwina.Sibayan@mt.com"}}}},"Case 2":{"case":"Lab","actions":{"Set_variable_1":{"metadata":{"operationMetadataId":"dcad72b7-ab4f-4dc9-aae6-921f9a50f3e7"},"type":"SetVariable","inputs":{"name":"varManagerEmail","value":"Kay.Ching@mt.com"}}}},"Case 3":{"case":"PI","actions":{"Set_variable_2":{"metadata":{"operationMetadataId":"c153fc9d-aaba-4c0c-894b-6c12418b251c"},"type":"SetVariable","inputs":{"name":"varManagerEmail","value":"Gie.Belen@mt.com"}}}},"Case 4":{"case":"PRO","actions":{"Set_variable_3":{"metadata":{"operationMetadataId":"c3430cec-5f0a-45d7-a880-3f2483203dac"},"type":"SetVariable","inputs":{"name":"varManagerEmail","value":"SarahLyn.Molinyawe@mt.com"}}}},"Case 5":{"case":"SVC","actions":{"Set_variable_4":{"metadata":{"operationMetadataId":"c924d1d9-d93a-4adb-9930-46f7a41bb601"},"type":"SetVariable","inputs":{"name":"varManagerEmail","value":"Orlando.Encabo2@mt.com"}}}},"Case 6":{"case":"Marcom","actions":{"Set_variable_5":{"metadata":{"operationMetadataId":"ea41326d-7448-4ba5-86ca-d68f4a0e1a21"},"type":"SetVariable","inputs":{"name":"varManagerEmail","value":"Kaye.Molase@mt.com"}}}},"Case 7":{"case":"Mgmt","actions":{"Set_variable_6":{"metadata":{"operationMetadataId":"dcead460-c24d-4e9d-b05d-5b6931bf9a5e"},"type":"SetVariable","inputs":{"name":"varManagerEmail","value":"yuri.delacruz@mt.com"}}}}},"default":{"actions":{"Set_variable_7":{"metadata":{"operationMetadataId":"dca236fc-9223-440e-84f3-aec32301ade1"},"type":"SetVariable","inputs":{"name":"varManagerEmail","value":"yuri.delacruz@mt.com"}}}},"expression":"@outputs('Get_response_details')?['body/r9cd2acc2e9d348f6a3a114d6d6351367']","metadata":{"operationMetadataId":"7242e97b-1c74-4904-9c78-56b4da3c4cfa"},"type":"Switch"},"Start_and_wait_for_an_approval":{"runAfter":{"Compose":["Succeeded"]},"metadata":{"operationMetadataId":"6b18c263-5d9d-4329-8112-e3d8e9ae2c31"},"type":"OpenApiConnectionWebhook","inputs":{"parameters":{"approvalType":"Basic","WebhookApprovalCreationInput/title":"Leave Request for:","WebhookApprovalCreationInput/assignedTo":"@variables('varManagerEmail')","WebhookApprovalCreationInput/details":"Employee: @{outputs('Get_response_details')?['body/rd4061b4e9685417b895bd26a14005594']}\nLeave Dates:  Start Date @{outputs('Get_response_details')?['body/r4866677ad7344fda8c335e5a8ec77591']}   End Date @{outputs('Get_response_details')?['body/r0538696cc92a44bfb6fa649a29e45e75']}\nReason: @{outputs('Get_response_details')?['body/r2e717da7889647d5b27f3bac62ba5207']}","WebhookApprovalCreationInput/enableNotifications":true,"WebhookApprovalCreationInput/enableReassignment":true},"host":{"apiId":"/providers/Microsoft.PowerApps/apis/shared_approvals","connectionName":"shared_approvals","operationId":"StartAndWaitForAnApproval"},"authentication":"@parameters('$authentication')"}},"Condition":{"actions":{"Create_item":{"metadata":{"operationMetadataId":"f180a061-71a4-4972-bf39-7b20cbfa2f4d"},"type":"OpenApiConnection","inputs":{"parameters":{"dataset":"https://mt1-my.sharepoint.com/personal/sarahlyn_molinyawe_mt_com","table":"f682b120-8a9c-49b2-b2a5-65df1433a4b0","item/EmployeeName":"@outputs('Get_response_details')?['body/rd4061b4e9685417b895bd26a14005594']","item/DateStarted":"@outputs('Get_response_details')?['body/r4866677ad7344fda8c335e5a8ec77591']","item/DateEnded":"@outputs('Get_response_details')?['body/r0538696cc92a44bfb6fa649a29e45e75']","item/No_x002e_ofdaysLeave":"@triggerOutputs()?['body/resourceData/responseId']","item/Title":"Leave Request","item/Manager":"@variables('varManagerEmail')","item/TypeofLeave/Value":"@outputs('Get_response_details')?['body/r2e717da7889647d5b27f3bac62ba5207']","item/Division/Value":"@outputs('Get_response_details')?['body/r9cd2acc2e9d348f6a3a114d6d6351367']","item/ReasonforLeave":"@outputs('Get_response_details')?['body/rac39f7e2a0d74a988246c6c1cd937b07']","item/STATUS/Value":"Manager Approved"},"host":{"apiId":"/providers/Microsoft.PowerApps/apis/shared_sharepointonline","connectionName":"shared_sharepointonline","operationId":"PostItem"},"authentication":"@parameters('$authentication')"}}},"runAfter":{"Start_and_wait_for_an_approval":["Succeeded"]},"else":{"actions":{"Create_item_1":{"metadata":{"operationMetadataId":"06e983f4-d77f-4612-ab34-688f9991bb4d"},"type":"OpenApiConnection","inputs":{"parameters":{"dataset":"https://mt1-my.sharepoint.com/personal/sarahlyn_molinyawe_mt_com/","table":"f682b120-8a9c-49b2-b2a5-65df1433a4b0","item/EmployeeName":"@outputs('Get_response_details')?['body/rd4061b4e9685417b895bd26a14005594']","item/DateStarted":"@outputs('Get_response_details')?['body/r4866677ad7344fda8c335e5a8ec77591']","item/DateEnded":"@outputs('Get_response_details')?['body/r0538696cc92a44bfb6fa649a29e45e75']","item/No_x002e_ofdaysLeave":"@triggerOutputs()?['body/resourceData/responseId']","item/Title":"Leave Request","item/Manager":"@variables('varManagerEmail')","item/TypeofLeave/Value":"@outputs('Get_response_details')?['body/r2e717da7889647d5b27f3bac62ba5207']","item/Division/Value":"@outputs('Get_response_details')?['body/r9cd2acc2e9d348f6a3a114d6d6351367']","item/ReasonforLeave":"@outputs('Start_and_wait_for_an_approval')?['body/details']","item/STATUS/Value":"Manager Disapproved"},"host":{"apiId":"/providers/Microsoft.PowerApps/apis/shared_sharepointonline","connectionName":"shared_sharepointonline","operationId":"PostItem"},"authentication":"@parameters('$authentication')"}}}},"expression":{"and":[{"equals":["@outputs('Start_and_wait_for_an_approval')?['body/outcome']","Approve"]}]},"metadata":{"operationMetadataId":"34df7945-9d7e-403c-a470-9d35719903d9"},"type":"If"},"Compose":{"runAfter":{"Switch":["Succeeded"]},"metadata":{"operationMetadataId":"22da9e5e-af54-4675-9a95-e334c3b7772f"},"type":"Compose","inputs":"@variables('varManagerEmail')"},"Compose_1":{"runAfter":{"Initialize_variable":["Succeeded"]},"metadata":{"operationMetadataId":"233328e8-9e41-45f3-98c6-a20b1e7b3771"},"type":"Compose","inputs":"@outputs('Get_response_details')?['body/r9cd2acc2e9d348f6a3a114d6d6351367']"}},"outputs":{}},"connectionReferences":{"shared_microsoftforms":{"connectionName":"shared-microsoftform-82492ca8-6a3c-4003-a945-4a1562be3e7b","source":"Embedded","id":"/providers/Microsoft.PowerApps/apis/shared_microsoftforms","tier":"NotSpecified","apiName":"microsoftforms","isProcessSimpleApiReferenceConversionAlreadyDone":false},"shared_approvals":{"connectionName":"shared-approvals-fafbb48e-3f39-40e5-8fed-0070353762e1","source":"Embedded","id":"/providers/Microsoft.PowerApps/apis/shared_approvals","tier":"NotSpecified","apiName":"approvals","isProcessSimpleApiReferenceConversionAlreadyDone":false},"shared_sharepointonline":{"connectionName":"52567ff426374a829ec25b1d761cd98d","source":"Embedded","id":"/providers/Microsoft.PowerApps/apis/shared_sharepointonline","tier":"NotSpecified","apiName":"sharepointonline","isProcessSimpleApiReferenceConversionAlreadyDone":false}},"flowFailureAlertSubscribed":false,"isManaged":false}}